frame,lady,x_start,x_end,y_start,y_end,movie,count
1,1,325,397,333,405,4,3
1,2,928,1014,381,467,4,3
1,3,1549,1621,389,461,4,3
2,1,325,397,333,405,4,3
2,2,928,1014,381,467,4,3
2,3,1549,1621,389,461,4,3
3,1,325,397,333,405,4,3
3,2,928,1014,381,467,4,3
3,3,1549,1621,389,461,4,3
4,1,325,397,333,405,4,3
4,2,928,1014,381,467,4,3
4,3,1549,1621,389,461,4,3
5,1,325,397,333,405,4,3
5,2,933,1005,389,461,4,3
5,3,1549,1621,389,461,4,3
6,1,325,397,333,405,4,3
6,2,933,1005,389,461,4,3
6,3,1549,1621,389,461,4,3
7,1,325,397,333,405,4,3
7,2,933,1005,389,461,4,3
7,3,1549,1621,389,461,4,3
8,1,325,397,333,405,4,3
8,2,933,1005,389,461,4,3
8,3,1549,1621,389,461,4,3
9,1,325,397,333,405,4,3
9,2,933,1005,389,461,4,3
9,3,1549,1621,389,461,4,3
10,1,325,397,333,405,4,3
10,2,933,1005,389,461,4,3
10,3,1549,1621,389,461,4,3
11,1,325,397,333,405,4,3
11,2,933,1005,389,461,4,3
11,3,1549,1621,389,461,4,3
12,1,325,397,333,405,4,3
12,2,933,1005,389,461,4,3
12,3,1549,1621,389,461,4,3
13,1,325,397,333,405,4,3
13,2,933,1005,389,461,4,3
13,3,1549,1621,389,461,4,3
14,1,325,397,333,405,4,3
14,2,933,1005,389,461,4,3
14,3,1549,1621,389,461,4,3
15,1,325,397,333,405,4,3
15,2,933,1005,389,461,4,3
15,3,1549,1621,389,461,4,3
16,1,325,397,333,405,4,3
16,2,933,1005,389,461,4,3
16,3,1549,1621,389,461,4,3
17,1,325,397,333,405,4,3
17,2,933,1005,389,461,4,3
17,3,1549,1621,389,461,4,3
18,1,325,397,333,405,4,3
18,2,933,1005,389,461,4,3
18,3,1549,1621,389,461,4,3
19,1,325,397,333,405,4,3
19,2,933,1005,389,461,4,3
19,3,1549,1621,389,461,4,3
20,1,325,397,333,405,4,3
20,2,933,1005,389,461,4,3
20,3,1549,1621,389,461,4,3
21,1,325,397,333,405,4,3
21,2,933,1005,389,461,4,3
21,3,1549,1621,389,461,4,3
22,1,325,397,333,405,4,3
22,2,933,1005,389,461,4,3
22,3,1549,1621,389,461,4,3
23,1,325,397,333,405,4,3
23,2,933,1005,389,461,4,3
23,3,1549,1621,389,461,4,3
24,1,325,397,333,405,4,3
24,2,933,1005,389,461,4,3
24,3,1549,1621,389,461,4,3
25,1,325,397,333,405,4,3
25,2,933,1005,389,461,4,3
25,3,1549,1621,389,461,4,3
26,1,325,397,333,405,4,3
26,2,933,1005,389,461,4,3
26,3,1549,1621,389,461,4,3
27,1,325,397,333,405,4,3
27,2,933,1005,389,461,4,3
27,3,1549,1621,389,461,4,3
28,1,325,397,333,405,4,3
28,2,933,1005,389,461,4,3
28,3,1549,1621,389,461,4,3
29,1,325,397,333,405,4,3
29,2,933,1005,389,461,4,3
29,3,1549,1621,389,461,4,3
30,1,325,397,333,405,4,3
30,2,933,1005,389,461,4,3
30,3,1549,1621,389,461,4,3
31,1,325,397,333,405,4,3
31,2,933,1005,389,461,4,3
31,3,1549,1621,389,461,4,3
32,1,325,397,333,405,4,3
32,2,933,1005,389,461,4,3
32,3,1549,1621,389,461,4,3
33,1,325,397,333,405,4,3
33,2,933,1005,389,461,4,3
33,3,1549,1621,389,461,4,3
34,1,325,397,333,405,4,3
34,2,933,1005,389,461,4,3
34,3,1549,1621,389,461,4,3
35,1,325,397,333,405,4,3
35,2,933,1005,389,461,4,3
35,3,1549,1621,389,461,4,3
36,1,325,397,333,405,4,3
36,2,933,1005,389,461,4,3
36,3,1549,1621,389,461,4,3
37,1,325,397,333,405,4,3
37,2,933,1005,389,461,4,3
37,3,1549,1621,389,461,4,3
38,1,325,397,333,405,4,3
38,2,933,1005,389,461,4,3
38,3,1549,1621,389,461,4,3
39,1,325,397,333,405,4,3
39,2,933,1005,389,461,4,3
39,3,1549,1621,389,461,4,3
40,1,325,397,333,405,4,3
40,2,933,1005,389,461,4,3
40,3,1549,1621,389,461,4,3
41,1,325,397,333,405,4,3
41,2,933,1005,389,461,4,3
41,3,1549,1621,389,461,4,3
42,1,325,397,333,405,4,3
42,2,933,1005,389,461,4,3
42,3,1549,1621,389,461,4,3
43,1,325,397,333,405,4,3
43,2,933,1005,389,461,4,3
43,3,1549,1621,389,461,4,3
44,1,325,397,333,405,4,3
44,2,933,1005,389,461,4,3
44,3,1549,1621,389,461,4,3
45,2,933,1005,389,461,4,3
45,1,325,397,333,405,4,3
45,3,1549,1621,389,461,4,3
46,1,325,397,341,413,4,3
46,2,933,1005,389,461,4,3
46,3,1549,1621,389,461,4,3
47,1,325,397,341,413,4,3
47,2,933,1005,389,461,4,3
47,3,1549,1621,389,461,4,3
48,2,933,1005,389,461,4,3
48,1,325,397,341,413,4,3
48,3,1549,1621,389,461,4,3
49,1,325,397,349,421,4,3
49,2,933,1005,389,461,4,3
49,3,1549,1621,389,461,4,3
50,1,325,397,349,421,4,3
50,2,933,1005,389,461,4,3
50,3,1549,1621,389,461,4,3
51,1,325,397,341,413,4,3
51,2,925,997,389,461,4,3
51,3,1549,1621,389,461,4,3
52,1,325,397,341,413,4,3
52,2,925,997,381,453,4,3
52,3,1549,1621,389,461,4,3
53,1,325,397,341,413,4,3
53,2,925,997,381,453,4,3
53,3,1549,1621,389,461,4,3
54,1,325,397,333,405,4,3
54,2,925,997,381,453,4,3
54,3,1549,1621,429,501,4,3
55,1,325,397,333,405,4,3
55,2,917,989,381,453,4,3
55,3,1549.333333,1621.333333,415.6666667,487.6666667,4,3
56,1,325,397,341,413,4,3
56,2,925,997,389,461,4,3
56,3,1549.666667,1621.666667,402.3333333,474.3333333,4,3
57,2,925,997,389,461,4,3
57,1,325,397,341,413,4,3
57,3,1550,1622,389,461,4,3
58,1,323,410,333,419,4,3
58,3,1549,1621,429,501,4,3
58,2,925,997,389,461,4,3
59,1,333,405,349,421,4,3
59,2,929,1001,369,441,4,3
59,3,1549,1621,429,501,4,3
60,1,333,405,349,421,4,3
60,2,933,1005,349,421,4,3
60,3,1553.571429,1625.571429,426.7142857,498.7142857,4,3
61,1,333,419,342,429,4,3
61,2,933,1005,349,421,4,3
61,3,1558.142857,1630.142857,424.4285714,496.4285714,4,3
62,1,341,413,349,421,4,3
62,2,941,1013,357,429,4,3
62,3,1562.714286,1634.714286,422.1428571,494.1428571,4,3
63,1,341,413,349,421,4,3
63,2,941,1013,365,437,4,3
63,3,1567.285714,1639.285714,419.8571429,491.8571429,4,3
64,1,342,429,333,419,4,3
64,2,941,1013,373,445,4,3
64,3,1571.857143,1643.857143,417.5714286,489.5714286,4,3
65,1,349,421,333,405,4,3
65,2,949,1021,381,453,4,3
65,3,1576.428571,1648.428571,415.2857143,487.2857143,4,3
66,1,349,421,333,405,4,3
66,2,937,1021,333,453,4,3
66,3,1581,1653,413,485,4,3
67,1,357,429,333,405,4,3
67,3,1581,1653,413,485,4,3
67,2,943,1022.5,357,436,4,3
68,1,357,429,333,405,4,3
68,2,949,1024,381,419,4,3
68,3,1565,1637,357,429,4,3
69,1,349,421,333,405,4,3
69,2,937,1024,333,419,4,3
69,3,1569,1641,371,443,4,3
70,2,941,1013,341,413,4,3
70,1,357,429,341,413,4,3
70,3,1573,1645,385,457,4,3
71,1,349,421,349,421,4,3
71,2,941,1013,389,461,4,3
71,3,1577,1649,399,471,4,3
72,1,349,421,349,421,4,3
72,2,942,1014,341,413,4,3
72,3,1581,1653,413,485,4,3
73,1,349,421,349,421,4,3
73,2,941,1013,389,461,4,3
73,3,1565,1637,357,429,4,3
74,1,349,421,349,421,4,3
74,2,941,1013,389,461,4,3
74,3,1533,1605,413,485,4,3
75,1,349,421,341,413,4,3
75,2,941,1013,341,413,4,3
75,3,1549,1621,385,457,4,3
76,1,349,421,341,413,4,3
76,2,941.5,1013.5,365,437,4,3
76,3,1565,1637,357,429,4,3
77,1,349,421,333,405,4,3
77,3,1533,1605,413,485,4,3
77,2,942,1014,389,461,4,3
78,1,357,429,333,405,4,3
78,2,941,1013,341,413,4,3
78,3,1525,1597,373,445,4,3
79,1,357,429,341,413,4,3
79,2,941,1013,341,413,4,3
79,3,1527.666667,1599.666667,386.3333333,458.3333333,4,3
80,1,357,429,341,413,4,3
80,2,941.2,1013.2,341,413,4,3
80,3,1530.333333,1602.333333,399.6666667,471.6666667,4,3
81,1,365,437,349,421,4,3
81,2,941.4,1013.4,341,413,4,3
81,3,1533,1605,413,485,4,3
82,1,365,437,357,429,4,3
82,3,1525,1597,373,445,4,3
82,2,941.6,1013.6,341,413,4,3
83,1,365,437,365,437,4,3
83,2,941.8,1013.8,341,413,4,3
83,3,1525,1597,373,445,4,3
84,1,373,445,365,437,4,3
84,2,942,1014,341,413,4,3
84,3,1529.705882,1601.705882,374.8823529,446.8823529,4,3
85,1,362,448,352,438,4,3
85,2,941,1013,341,413,4,3
85,3,1534.411765,1606.411765,376.7647059,448.7647059,4,3
86,1,365,437,349,421,4,3
86,2,941,1013,341,413,4,3
86,3,1539.117647,1611.117647,378.6470588,450.6470588,4,3
87,1,365,437,341,413,4,3
87,2,928,1013,381,413,4,3
87,3,1543.823529,1615.823529,380.5294118,452.5294118,4,3
88,1,357,429,333,405,4,3
88,2,934.5,1013.5,361,440,4,3
88,3,1548.529412,1620.529412,382.4117647,454.4117647,4,3
89,1,357,429,333,405,4,3
89,2,941,1014,341,467,4,3
89,3,1553.235294,1625.235294,384.2941176,456.2941176,4,3
90,1,357,429,333,405,4,3
90,2,928,1014,381,467,4,3
90,3,1557.941176,1629.941176,386.1764706,458.1764706,4,3
91,1,357,429,333,405,4,3
91,2,928,1005,381,421,4,3
91,3,1562.647059,1634.647059,388.0588235,460.0588235,4,3
92,1,349,421,333,405,4,3
92,2,933,1014,349,467,4,3
92,3,1567.352941,1639.352941,389.9411765,461.9411765,4,3
93,1,341,413,333,405,4,3
93,2,933,1005,349,421,4,3
93,3,1572.058824,1644.058824,391.8235294,463.8235294,4,3
94,2,933,1005,349,421,4,3
94,1,325,397,341,413,4,3
94,3,1576.764706,1648.764706,393.7058824,465.7058824,4,3
95,1,317,389,349,421,4,3
95,2,925,997,357,429,4,3
95,3,1581.470588,1653.470588,395.5882353,467.5882353,4,3
96,1,309,381,349,421,4,3
96,2,925,997,381,453,4,3
96,3,1586.176471,1658.176471,397.4705882,469.4705882,4,3
97,2,925,997,381,453,4,3
97,1,293,365,333,405,4,3
97,3,1590.882353,1662.882353,399.3529412,471.3529412,4,3
98,2,925,997,389,461,4,3
98,1,309,381,349,421,4,3
98,3,1595.588235,1667.588235,401.2352941,473.2352941,4,3
99,1,293,365,333,405,4,3
99,2,917,989,357,429,4,3
99,3,1600.294118,1672.294118,403.1176471,475.1176471,4,3
100,1,285,357,325,397,4,3
100,2,925,997,389,461,4,3
100,3,1605,1677,405,477,4,3
101,2,917,989,357,429,4,3
101,1,285,357,325,397,4,3
101,3,1605,1677,405,477,4,3
102,2,917,989,357,429,4,3
102,1,285,357,325,397,4,3
102,3,1605,1677,405,477,4,3
103,2,909,981,365,437,4,3
103,1,277,349,333,405,4,3
103,3,1609,1681,389,461,4,3
104,2,909,981,381,453,4,3
104,1,278.1428571,350.1428571,331.8571429,403.8571429,4,3
104,3,1613,1685,373,445,4,3
105,2,901,973,389,461,4,3
105,3,1613,1685,373,445,4,3
105,1,279.2857143,351.2857143,330.7142857,402.7142857,4,3
106,2,901,973,397,469,4,3
106,1,280.4285714,352.4285714,329.5714286,401.5714286,4,3
106,3,1597,1669,413,485,4,3
107,1,281.5714286,353.5714286,328.4285714,400.4285714,4,3
107,2,901,973,397,469,4,3
107,3,1605,1677,393,465,4,3
108,1,282.7142857,354.7142857,327.2857143,399.2857143,4,3
108,2,905,977,373,445,4,3
108,3,1613,1685,373,445,4,3
109,3,1597,1669,413,485,4,3
109,1,283.8571429,355.8571429,326.1428571,398.1428571,4,3
109,2,909,981,349,421,4,3
110,2,909,981,349,421,4,3
110,1,285,357,325,397,4,3
110,3,1557,1629,373,445,4,3
111,2,909,981,357,429,4,3
111,1,277,349,333,405,4,3
111,3,1577,1649,393,465,4,3
112,2,909,981,365,437,4,3
112,1,277,349,333,405,4,3
112,3,1597,1669,413,485,4,3
113,3,1557,1629,373,445,4,3
113,1,285,357,329,401,4,3
113,2,909,981,365,437,4,3
114,2,917,989,381,453,4,3
114,1,293,365,325,397,4,3
114,3,1525,1597,381,453,4,3
115,2,917,989,373,445,4,3
115,1,293,365,325,397,4,3
115,3,1530.333333,1602.333333,379.6666667,451.6666667,4,3
116,1,293,365,325,397,4,3
116,2,917,989,349,421,4,3
116,3,1535.666667,1607.666667,378.3333333,450.3333333,4,3
117,2,917,989,349,421,4,3
117,1,285,371,323,410,4,3
117,3,1541,1613,377,449,4,3
118,1,301,373,333,405,4,3
118,2,917,989,357,429,4,3
118,3,1546.333333,1618.333333,375.6666667,447.6666667,4,3
119,1,309,381,349,421,4,3
119,2,917,989,381,453,4,3
119,3,1551.666667,1623.666667,374.3333333,446.3333333,4,3
120,1,309,381,357,429,4,3
120,2,917,989,381,453,4,3
120,3,1557,1629,373,445,4,3
121,1,309,381,349,421,4,3
121,3,1525,1597,381,453,4,3
121,2,917,989,397,469,4,3
122,1,317,389,349,421,4,3
122,2,917,989,397,469,4,3
122,3,1525,1597,405,477,4,3
123,1,317,389,341,413,4,3
123,2,909,989,342,469,4,3
123,3,1525.5,1597.5,393,465,4,3
124,1,325,397,333,405,4,3
124,2,913,992,369.5,449,4,3
124,3,1526,1598,381,453,4,3
125,1,325,397,333,405,4,3
125,3,1525,1597,405,477,4,3
125,2,917,995,397,429,4,3
126,1,323,410,323,410,4,3
126,2,909,995,342,429,4,3
126,3,1525,1597,405,477,4,3
127,1,323,410,323,410,4,3
127,2,917,989,341,413,4,3
127,3,1535.666667,1607.666667,394.3333333,466.3333333,4,3
128,1,333,405,325,397,4,3
128,2,918,1005,342,429,4,3
128,3,1546.333333,1618.333333,383.6666667,455.6666667,4,3
129,1,333,405,333,405,4,3
129,2,918,1005,342,437,4,3
129,3,1557,1629,373,445,4,3
130,1,333,405,333,405,4,3
130,3,1557,1629,373,445,4,3
130,2,921.75,1005.25,347.75,435,4,3
131,1,333,419,342,429,4,3
131,2,925.5,1005.5,353.5,433,4,3
131,3,1557,1629,373,445,4,3
132,1,333,419,352,438,4,3
132,2,929.25,1005.75,359.25,431,4,3
132,3,1565,1637,385,457,4,3
133,1,333,419,352,438,4,3
133,2,933,1006,365,429,4,3
133,3,1573,1645,397,469,4,3
134,1,341,413,357,429,4,3
134,2,933,1005,365,437,4,3
134,3,1573,1645,397,469,4,3
135,2,933,1005,357,429,4,3
135,1,342,429,342,429,4,3
135,3,1571,1645,381,469,4,3
136,2,933,1005,357,429,4,3
136,1,342,429,333,419,4,3
136,3,1573,1658,397,467,4,3
137,1,342,429,333,419,4,3
137,2,933,1005,365,437,4,3
137,3,1571,1658,381,467,4,3
138,1,342,429,323,410,4,3
138,2,925,997,373,445,4,3
138,3,1581,1653,389,461,4,3
139,1,342,429,323,410,4,3
139,2,925,997,381,453,4,3
139,3,1581,1653,389,461,4,3
140,2,925,997,381,453,4,3
140,1,342,429,323,410,4,3
140,3,1581,1653,389,461,4,3
141,2,925,997,381,453,4,3
141,1,341,413,325,397,4,3
141,3,1581,1653,389,461,4,3
142,2,925,997,381,453,4,3
142,1,341,413,333,405,4,3
142,3,1581,1653,389,461,4,3
143,2,925,997,381,453,4,3
143,1,341,413,341,413,4,3
143,3,1581,1653,389,461,4,3
144,2,918,1005,381,467,4,3
144,1,333,419,342,429,4,3
144,3,1581,1653,389,461,4,3
145,2,918,1005,381,467,4,3
145,1,341,413,349,421,4,3
145,3,1581,1653,389,461,4,3
146,2,918,1005,381,467,4,3
146,1,333,405,349,421,4,3
146,3,1581,1653,389,461,4,3
147,2,918,1005,381,467,4,3
147,1,333,405,349,421,4,3
147,3,1571,1653,390,461,4,3
148,2,918,1005,381,467,4,3
148,1,333,405,349,421,4,3
148,3,1574.333333,1654.666667,389.6666667,466.3333333,4,3
149,2,918,1005,381,467,4,3
149,1,333,405,349,421,4,3
149,3,1577.666667,1656.333333,389.3333333,471.6666667,4,3
150,2,918,1005,381,467,4,3
150,1,341,413,325,397,4,3
150,3,1581,1658,389,477,4,3
151,2,918,1005,381,467,4,3
151,1,341,413,325,397,4,3
151,3,1571,1658,390,477,4,3
152,2,918,1005,381,467,4,3
152,1,341,413,325,397,4,3
152,3,1573,1645,389,461,4,3
153,2,918,1005,381,467,4,3
153,1,341,413,325,397,4,3
153,3,1573,1645,389,461,4,3
154,2,925,997,389,461,4,3
154,1,341,413,325,397,4,3
154,3,1573,1645,389,461,4,3
155,2,925,997,389,461,4,3
155,1,342,429,323,410,4,3
155,3,1573,1645,389,461,4,3
156,2,925,997,389,461,4,3
156,3,1573,1645,389,461,4,3
156,1,349,421,333,405,4,3
157,2,933,1005,389,461,4,3
157,3,1573,1645,389,461,4,3
157,1,349,421,341,413,4,3
158,2,933,1005,389,461,4,3
158,1,352,438,342,429,4,3
158,3,1573,1645,389,461,4,3
159,2,933,1005,389,461,4,3
159,3,1573,1645,389,461,4,3
159,1,349,421,349,421,4,3
160,2,933,1005,389,461,4,3
160,1,349,421,349,421,4,3
160,3,1573,1645,389,461,4,3
161,2,933,1005,389,461,4,3
161,3,1573,1645,389,461,4,3
161,1,342,429,333,419,4,3
162,2,933,1005,389,461,4,3
162,1,341,413,333,405,4,3
162,3,1573,1645,389,461,4,3
163,2,933,1005,389,461,4,3
163,1,341,413,325,397,4,3
163,3,1573,1645,389,461,4,3
164,2,933,1005,389,461,4,3
164,1,333,405,325,397,4,3
164,3,1573,1645,389,461,4,3
165,2,933,1005,389,461,4,3
165,1,333,405,325,397,4,3
165,3,1573,1645,389,461,4,3
166,2,933,1005,389,461,4,3
166,1,333,405,325,397,4,3
166,3,1573,1645,389,461,4,3
167,2,933,1005,389,461,4,3
167,1,333,405,333,405,4,3
167,3,1573,1645,389,461,4,3
168,2,933,1005,389,461,4,3
168,1,333,405,333,405,4,3
168,3,1573,1645,389,461,4,3
169,2,933,1005,389,461,4,3
169,3,1573,1645,389,461,4,3
169,1,333,405,341,413,4,3
170,2,933,1005,389,461,4,3
170,3,1573,1645,389,461,4,3
170,1,,,,,4,3
171,2,933,1005,389,461,4,3
171,3,1573,1645,389,461,4,3
171,1,,,,,4,3
172,2,933,1005,389,461,4,3
172,3,1573,1645,389,461,4,3
172,1,325,397,349,421,4,3
173,2,933,1005,389,461,4,3
173,1,325,397,349,421,4,3
173,3,1573,1645,389,461,4,3
174,2,933,1005,389,461,4,3
174,1,325,397,341,413,4,3
174,3,1573,1645,389,461,4,3
175,2,933,1005,389,461,4,3
175,1,325,397,333,405,4,3
175,3,1573,1645,389,461,4,3
176,2,933,1005,389,461,4,3
176,1,325,397,333,405,4,3
176,3,1573,1645,389,461,4,3
177,1,325,397,325,397,4,3
177,2,933,1005,389,461,4,3
177,3,1573,1645,389,461,4,3
178,1,325,397,325,397,4,3
178,2,933,1005,389,461,4,3
178,3,1573,1645,389,461,4,3
179,1,325,397,325,397,4,3
179,2,933,1005,389,461,4,3
179,3,1573,1645,389,461,4,3
180,1,325,397,325,397,4,3
180,2,933,1005,389,461,4,3
180,3,1573,1645,389,461,4,3
181,1,325,397,325,397,4,3
181,2,933,1005,389,461,4,3
181,3,1573,1645,389,461,4,3
182,1,325,397,325,397,4,3
182,2,933,1005,389,461,4,3
182,3,1573,1645,389,461,4,3
183,1,325,397,325,397,4,3
183,2,933,1005,389,461,4,3
183,3,1573,1645,389,461,4,3
184,1,325,397,325,397,4,3
184,2,933,1005,389,461,4,3
184,3,1573,1645,389,461,4,3
185,2,933,1005,389,461,4,3
185,1,325,397,333,405,4,3
185,3,1573,1645,389,461,4,3
186,1,325,397,333,405,4,3
186,2,933,1005,389,461,4,3
186,3,1573,1645,389,461,4,3
187,1,325,397,333,405,4,3
187,2,933,1005,389,461,4,3
187,3,1573,1645,389,461,4,3
188,1,325,397,333,405,4,3
188,2,933,1005,389,461,4,3
188,3,1573,1645,389,461,4,3
189,1,325,397,333,405,4,3
189,2,933,1005,389,461,4,3
189,3,1573,1645,389,461,4,3
190,1,325,397,333,405,4,3
190,2,933,1005,389,461,4,3
190,3,1573,1645,389,461,4,3
191,1,325,397,333,405,4,3
191,2,933,1005,389,461,4,3
191,3,1573,1645,389,461,4,3
192,1,325,397,333,405,4,3
192,2,933,1005,389,461,4,3
192,3,1573,1645,389,461,4,3
193,1,325,397,333,405,4,3
193,2,933,1005,389,461,4,3
193,3,1573,1645,389,461,4,3
194,1,325,397,333,405,4,3
194,2,933,1005,389,461,4,3
194,3,1573,1645,389,461,4,3
195,1,325,397,333,405,4,3
195,2,933,1005,389,461,4,3
195,3,1573,1645,389,461,4,3
196,1,325,397,333,405,4,3
196,2,933,1005,389,461,4,3
196,3,1573,1645,389,461,4,3
197,1,325,397,333,405,4,3
197,2,933,1005,389,461,4,3
197,3,1573,1645,389,461,4,3
198,1,325,397,333,405,4,3
198,2,933,1005,389,461,4,3
198,3,1573,1645,389,461,4,3
199,1,325,397,333,405,4,3
199,2,933,1005,389,461,4,3
199,3,1573,1645,389,461,4,3
200,1,325,397,333,405,4,3
200,2,933,1005,389,461,4,3
200,3,1573,1645,389,461,4,3
201,1,325,397,333,405,4,3
201,2,933,1005,389,461,4,3
201,3,1573,1645,389,461,4,3
202,1,325,397,333,405,4,3
202,2,933,1005,389,461,4,3
202,3,1573,1645,389,461,4,3
203,1,325,397,333,405,4,3
203,2,933,1005,389,461,4,3
203,3,1573,1645,389,461,4,3
204,1,325,397,333,405,4,3
204,2,933,1005,389,461,4,3
204,3,1573,1645,389,461,4,3
205,1,325,397,333,405,4,3
205,2,933,1005,389,461,4,3
205,3,1573,1645,389,461,4,3
206,1,325,397,333,405,4,3
206,2,933,1005,389,461,4,3
206,3,1573,1645,389,461,4,3
207,1,325,397,333,405,4,3
207,2,933,1005,389,461,4,3
207,3,1573,1645,389,461,4,3
208,1,325,397,333,405,4,3
208,2,933,1005,389,461,4,3
208,3,1573,1645,389,461,4,3
209,1,325,397,333,405,4,3
209,2,933,1005,389,461,4,3
209,3,1573,1645,389,461,4,3
210,1,325,397,333,405,4,3
210,2,933,1005,389,461,4,3
210,3,1573,1645,389,461,4,3
211,1,325,397,333,405,4,3
211,2,933,1005,389,461,4,3
211,3,1573,1645,389,461,4,3
212,1,325,397,333,405,4,3
212,2,933,1005,389,461,4,3
212,3,1573,1645,389,461,4,3
213,1,325,397,333,405,4,3
213,2,933,1005,389,461,4,3
213,3,1573,1645,389,461,4,3
214,1,325,397,333,405,4,3
214,2,933,1005,389,461,4,3
214,3,1573,1645,389,461,4,3
215,1,325,397,333,405,4,3
215,2,933,1005,389,461,4,3
215,3,1573,1645,389,461,4,3
216,1,325,397,333,405,4,3
216,2,933,1005,389,461,4,3
216,3,1573,1645,389,461,4,3
217,1,325,397,333,405,4,3
217,2,933,1005,389,461,4,3
217,3,1573,1645,389,461,4,3
218,1,325,397,333,405,4,3
218,2,933,1005,389,461,4,3
218,3,1573,1645,389,461,4,3
219,1,325,397,333,405,4,3
219,2,933,1005,389,461,4,3
219,3,1573,1645,389,461,4,3
220,1,325,397,333,405,4,3
220,2,933,1005,389,461,4,3
220,3,1573,1645,389,461,4,3
221,1,325,397,333,405,4,3
221,2,933,1005,389,461,4,3
221,3,1573,1645,389,461,4,3
222,1,325,397,333,405,4,3
222,2,933,1005,389,461,4,3
222,3,1573,1645,389,461,4,3
223,1,325,397,333,405,4,3
223,2,933,1005,389,461,4,3
223,3,1573,1645,389,461,4,3
224,1,325,397,333,405,4,3
224,2,933,1005,389,461,4,3
224,3,1573,1645,389,461,4,3
225,1,325,397,333,405,4,3
225,2,933,1005,389,461,4,3
225,3,1573,1645,389,461,4,3
226,1,325,397,333,405,4,3
226,2,933,1005,389,461,4,3
226,3,1573,1645,389,461,4,3
227,1,325,397,333,405,4,3
227,2,933,1005,389,461,4,3
227,3,1573,1645,389,461,4,3
228,1,325,397,333,405,4,3
228,2,933,1005,389,461,4,3
228,3,1573,1645,389,461,4,3
229,1,325,397,333,405,4,3
229,2,933,1005,389,461,4,3
229,3,1573,1645,389,461,4,3
230,1,325,397,333,405,4,3
230,2,933,1005,389,461,4,3
230,3,1573,1645,389,461,4,3
231,1,325,397,333,405,4,3
231,2,933,1005,389,461,4,3
231,3,1573,1645,389,461,4,3
232,1,325,397,333,405,4,3
232,2,933,1005,389,461,4,3
232,3,1573,1645,389,461,4,3
233,1,325,397,333,405,4,3
233,2,933,1005,389,461,4,3
233,3,1573,1645,389,461,4,3
234,1,325,397,333,405,4,3
234,2,933,1005,389,461,4,3
234,3,1573,1645,389,461,4,3
235,1,325,397,333,405,4,3
235,2,933,1005,389,461,4,3
235,3,1573,1645,389,461,4,3
236,1,325,397,333,405,4,3
236,2,933,1005,389,461,4,3
236,3,1581,1653,389,461,4,3
237,1,325,397,333,405,4,3
237,2,933,1005,389,461,4,3
237,3,1581,1653,389,461,4,3
238,1,325,397,333,405,4,3
238,2,933,1005,389,461,4,3
238,3,1583.285714,1655.285714,386.7142857,458.7142857,4,3
239,1,325,397,333,405,4,3
239,2,933,1005,389,461,4,3
239,3,1585.571429,1657.571429,384.4285714,456.4285714,4,3
240,1,325,397,333,405,4,3
240,2,933,1005,389,461,4,3
240,3,1587.857143,1659.857143,382.1428571,454.1428571,4,3
241,1,325,397,333,405,4,3
241,2,933,1005,389,461,4,3
241,3,1590.142857,1662.142857,379.8571429,451.8571429,4,3
242,1,325,397,333,405,4,3
242,2,933,1005,389,461,4,3
242,3,1592.428571,1664.428571,377.5714286,449.5714286,4,3
243,1,325,397,333,405,4,3
243,2,933,1005,389,461,4,3
243,3,1594.714286,1666.714286,375.2857143,447.2857143,4,3
244,1,325,397,333,405,4,3
244,2,933,1005,389,461,4,3
244,3,1597,1669,373,445,4,3
245,1,325,397,333,405,4,3
245,2,933,1005,389,461,4,3
245,3,1597,1669,373,445,4,3
246,1,325,397,333,405,4,3
246,2,933,1005,389,461,4,3
246,3,1597,1669,405,477,4,3
247,1,325,397,333,405,4,3
247,2,933,1005,389,461,4,3
247,3,1597.333333,1669.333333,394.3333333,466.3333333,4,3
248,1,325,397,333,405,4,3
248,2,933,1005,389,461,4,3
248,3,1597.666667,1669.666667,383.6666667,455.6666667,4,3
249,1,325,397,333,405,4,3
249,2,933,1005,389,461,4,3
249,3,1598,1670,373,445,4,3
250,1,325,397,333,405,4,3
250,2,933,1005,389,461,4,3
250,3,1597,1669,405,477,4,3
251,1,325,397,333,405,4,3
251,2,933,1005,389,461,4,3
251,3,1597,1669,405,477,4,3
252,1,325,397,333,405,4,3
252,2,933,1005,389,461,4,3
252,3,1601,1673,389,461,4,3
253,1,325,397,333,405,4,3
253,2,933,1005,389,461,4,3
253,3,1605,1677,373,445,4,3
254,1,325,397,333,405,4,3
254,2,933,1005,389,461,4,3
254,3,1605,1677,373,445,4,3
255,1,325,397,333,405,4,3
255,2,933,1005,389,461,4,3
255,3,1541,1613,357,429,4,3
256,1,325,397,333,405,4,3
256,2,933,1005,389,461,4,3
256,3,1551.666667,1623.666667,359.6666667,431.6666667,4,3
257,1,325,397,333,405,4,3
257,2,933,1005,389,461,4,3
257,3,1562.333333,1634.333333,362.3333333,434.3333333,4,3
258,1,325,397,333,405,4,3
258,2,933,1005,389,461,4,3
258,3,1573,1645,365,437,4,3
259,1,325,397,333,405,4,3
259,2,933,1005,389,461,4,3
259,3,1583.666667,1655.666667,367.6666667,439.6666667,4,3
260,1,325,397,333,405,4,3
260,2,933,1005,389,461,4,3
260,3,1594.333333,1666.333333,370.3333333,442.3333333,4,3
261,1,325,397,333,405,4,3
261,2,933,1005,389,461,4,3
261,3,1605,1677,373,445,4,3
262,1,325,397,333,405,4,3
262,2,933,1005,389,461,4,3
262,3,1541,1613,357,429,4,3
263,1,325,397,333,405,4,3
263,2,933,1005,389,461,4,3
263,3,1533,1605,413,485,4,3
264,1,325,397,333,405,4,3
264,2,933,1005,389,461,4,3
264,3,1535.666667,1607.666667,394.3333333,466.3333333,4,3
265,1,325,397,333,405,4,3
265,2,933,1005,389,461,4,3
265,3,1538.333333,1610.333333,375.6666667,447.6666667,4,3
266,1,325,397,333,405,4,3
266,2,933,1005,389,461,4,3
266,3,1541,1613,357,429,4,3
267,1,325,397,333,405,4,3
267,2,933,1005,389,461,4,3
267,3,1533,1605,413,485,4,3
268,1,325,397,333,405,4,3
268,2,933,1005,389,461,4,3
268,3,1533,1605,413,485,4,3
269,1,325,397,333,405,4,3
269,2,933,1005,389,461,4,3
269,3,1534,1606,413,485,4,3
270,1,325,397,333,405,4,3
270,2,933,1005,389,461,4,3
270,3,,,,,4,3
271,1,325,397,333,405,4,3
271,2,933,1005,389,461,4,3
271,3,1533,1605,373,445,4,3
272,1,325,397,333,405,4,3
272,2,933,1005,389,461,4,3
272,3,1533,1605,373,445,4,3
273,1,325,397,333,405,4,3
273,2,933,1005,389,461,4,3
273,3,1541,1613,371.6666667,443.6666667,4,3
274,1,325,397,333,405,4,3
274,2,933,1005,389,461,4,3
274,3,1549,1621,370.3333333,442.3333333,4,3
275,1,325,397,333,405,4,3
275,2,933,1005,389,461,4,3
275,3,1557,1629,369,441,4,3
276,1,325,397,333,405,4,3
276,2,933,1005,389,461,4,3
276,3,1565,1637,367.6666667,439.6666667,4,3
277,1,325,397,333,405,4,3
277,2,933,1005,389,461,4,3
277,3,1573,1645,366.3333333,438.3333333,4,3
278,1,325,397,333,405,4,3
278,2,933,1005,389,461,4,3
278,3,1581,1653,365,437,4,3
279,1,325,397,333,405,4,3
279,2,933,1005,389,461,4,3
279,3,1581,1653,365,437,4,3
280,1,325,397,333,405,4,3
280,2,933,1005,389,461,4,3
280,3,1581,1653,365,437,4,3
281,1,325,397,333,405,4,3
281,2,933,1005,389,461,4,3
281,3,1583.4,1655.4,369,441,4,3
282,1,325,397,333,405,4,3
282,2,933,1005,389,461,4,3
282,3,1585.8,1657.8,373,445,4,3
283,1,325,397,333,405,4,3
283,2,933,1005,389,461,4,3
283,3,1588.2,1660.2,377,449,4,3
284,1,325,397,333,405,4,3
284,2,933,1005,389,461,4,3
284,3,1590.6,1662.6,381,453,4,3
285,1,325,397,333,405,4,3
285,2,933,1005,389,461,4,3
285,3,1593,1665,385,457,4,3
286,1,325,397,333,405,4,3
286,2,933,1005,389,461,4,3
286,3,1595.4,1667.4,389,461,4,3
287,1,325,397,333,405,4,3
287,2,933,1005,389,461,4,3
287,3,1597.8,1669.8,393,465,4,3
288,1,325,397,333,405,4,3
288,2,933,1005,389,461,4,3
288,3,1600.2,1672.2,397,469,4,3
289,1,325,397,333,405,4,3
289,2,933,1005,389,461,4,3
289,3,1602.6,1674.6,401,473,4,3
290,1,325,397,333,405,4,3
290,2,933,1005,389,461,4,3
290,3,1605,1677,405,477,4,3
291,1,325,397,333,405,4,3
291,2,933,1005,389,461,4,3
291,3,1605,1677,405,477,4,3
292,1,325,397,333,405,4,3
292,2,933,1005,389,461,4,3
292,3,1549,1621,381,453,4,3
293,1,325,397,333,405,4,3
293,2,933,1005,389,461,4,3
293,3,1551.074074,1623.074074,381.8888889,453.8888889,4,3
294,1,325,397,333,405,4,3
294,2,933,1005,389,461,4,3
294,3,1553.148148,1625.148148,382.7777778,454.7777778,4,3
295,1,325,397,333,405,4,3
295,2,933,1005,389,461,4,3
295,3,1555.222222,1627.222222,383.6666667,455.6666667,4,3
296,1,325,397,333,405,4,3
296,2,933,1005,389,461,4,3
296,3,1557.296296,1629.296296,384.5555556,456.5555556,4,3
297,1,325,397,333,405,4,3
297,2,933,1005,389,461,4,3
297,3,1559.37037,1631.37037,385.4444444,457.4444444,4,3
298,1,325,397,333,405,4,3
298,2,933,1005,389,461,4,3
298,3,1561.444444,1633.444444,386.3333333,458.3333333,4,3
299,1,325,397,333,405,4,3
299,2,933,1005,389,461,4,3
299,3,1563.518519,1635.518519,387.2222222,459.2222222,4,3
300,1,325,397,333,405,4,3
300,2,933,1005,389,461,4,3
300,3,1565.592593,1637.592593,388.1111111,460.1111111,4,3
301,1,325,397,333,405,4,3
301,2,933,1005,389,461,4,3
301,3,1567.666667,1639.666667,389,461,4,3
302,1,325,397,333,405,4,3
302,2,933,1005,389,461,4,3
302,3,1569.740741,1641.740741,389.8888889,461.8888889,4,3
303,1,325,397,333,405,4,3
303,2,933,1005,389,461,4,3
303,3,1571.814815,1643.814815,390.7777778,462.7777778,4,3
304,1,325,397,333,405,4,3
304,2,933,1005,389,461,4,3
304,3,1573.888889,1645.888889,391.6666667,463.6666667,4,3
305,1,325,397,333,405,4,3
305,2,933,1005,389,461,4,3
305,3,1575.962963,1647.962963,392.5555556,464.5555556,4,3
306,1,325,397,333,405,4,3
306,2,933,1005,389,461,4,3
306,3,1578.037037,1650.037037,393.4444444,465.4444444,4,3
307,1,325,397,333,405,4,3
307,2,933,1005,389,461,4,3
307,3,1580.111111,1652.111111,394.3333333,466.3333333,4,3
308,1,325,397,333,405,4,3
308,2,933,1005,389,461,4,3
308,3,1582.185185,1654.185185,395.2222222,467.2222222,4,3
309,1,325,397,333,405,4,3
309,2,933,1005,389,461,4,3
309,3,1584.259259,1656.259259,396.1111111,468.1111111,4,3
310,1,325,397,333,405,4,3
310,2,933,1005,389,461,4,3
310,3,1586.333333,1658.333333,397,469,4,3
311,1,325,397,333,405,4,3
311,2,933,1005,389,461,4,3
311,3,1588.407407,1660.407407,397.8888889,469.8888889,4,3
312,1,325,397,333,405,4,3
312,2,933,1005,389,461,4,3
312,3,1590.481481,1662.481481,398.7777778,470.7777778,4,3
313,1,325,397,333,405,4,3
313,2,933,1005,389,461,4,3
313,3,1592.555556,1664.555556,399.6666667,471.6666667,4,3
314,1,325,397,333,405,4,3
314,2,933,1005,389,461,4,3
314,3,1594.62963,1666.62963,400.5555556,472.5555556,4,3
315,1,325,397,333,405,4,3
315,2,933,1005,389,461,4,3
315,3,1596.703704,1668.703704,401.4444444,473.4444444,4,3
316,1,325,397,333,405,4,3
316,2,933,1005,389,461,4,3
316,3,1598.777778,1670.777778,402.3333333,474.3333333,4,3
317,1,325,397,333,405,4,3
317,2,933,1005,389,461,4,3
317,3,1600.851852,1672.851852,403.2222222,475.2222222,4,3
318,1,325,397,333,405,4,3
318,2,933,1005,389,461,4,3
318,3,1602.925926,1674.925926,404.1111111,476.1111111,4,3
319,1,325,397,333,405,4,3
319,2,933,1005,389,461,4,3
319,3,1605,1677,405,477,4,3
320,1,325,397,333,405,4,3
320,2,933,1005,389,461,4,3
320,3,1549,1621,381,453,4,3
321,1,325,397,333,405,4,3
321,2,933,1005,389,461,4,3
321,3,1549,1621,381,453,4,3
322,1,325,397,333,405,4,3
322,2,933,1005,389,461,4,3
322,3,1557,1629,389,461,4,3
323,1,325,397,333,405,4,3
323,2,933,1005,389,461,4,3
323,3,1557,1629,389,461,4,3
324,1,325,397,333,405,4,3
324,2,933,1005,389,461,4,3
324,3,1557,1629,389,461,4,3
325,1,325,397,333,405,4,3
325,2,933,1005,389,461,4,3
325,3,1557,1629,389,461,4,3
326,1,325,397,333,405,4,3
326,2,933,1005,389,461,4,3
326,3,1565,1637,389,461,4,3
327,1,325,397,333,405,4,3
327,2,933,1005,389,461,4,3
327,3,1565,1637,389,461,4,3
328,1,325,397,333,405,4,3
328,2,933,1005,389,461,4,3
328,3,1565,1637,389,461,4,3
329,1,325,397,333,405,4,3
329,2,933,1005,389,461,4,3
329,3,1565,1637,389,461,4,3
330,1,325,397,333,405,4,3
330,2,933,1005,389,461,4,3
330,3,1573,1645,389,461,4,3
331,1,325,397,333,405,4,3
331,2,933,1005,389,461,4,3
331,3,1573,1645,389,461,4,3
332,1,325,397,333,405,4,3
332,2,933,1005,389,461,4,3
332,3,1573,1645,389,461,4,3
333,1,325,397,333,405,4,3
333,2,933,1005,389,461,4,3
333,3,1573,1645,389,461,4,3
334,1,325,397,333,405,4,3
334,2,933,1005,389,461,4,3
334,3,1573,1645,389,461,4,3
335,1,325,397,333,405,4,3
335,2,933,1005,389,461,4,3
335,3,1573,1645,389,461,4,3
336,1,325,397,333,405,4,3
336,2,933,1005,389,461,4,3
336,3,1573,1645,389,461,4,3
337,1,325,397,333,405,4,3
337,2,933,1005,389,461,4,3
337,3,1573,1645,389,461,4,3
338,1,325,397,333,405,4,3
338,2,933,1005,389,461,4,3
338,3,1573,1645,389,461,4,3
339,1,325,397,333,405,4,3
339,2,933,1005,389,461,4,3
339,3,1573,1645,389,461,4,3
340,1,325,397,333,405,4,3
340,2,933,1005,389,461,4,3
340,3,1573,1645,389,461,4,3
341,1,325,397,333,405,4,3
341,2,933,1005,389,461,4,3
341,3,1573,1645,389,461,4,3
342,1,325,397,333,405,4,3
342,2,933,1005,389,461,4,3
342,3,1573,1645,389,461,4,3
343,1,325,397,333,405,4,3
343,2,933,1005,389,461,4,3
343,3,1573,1645,389,461,4,3
344,1,325,397,333,405,4,3
344,2,933,1005,389,461,4,3
344,3,1565,1637,389,461,4,3
345,1,325,397,333,405,4,3
345,2,933,1005,389,461,4,3
345,3,1565,1637,389,461,4,3
346,1,325,397,333,405,4,3
346,2,933,1005,389,461,4,3
346,3,1565,1637,389,461,4,3
347,1,325,397,333,405,4,3
347,2,933,1005,389,461,4,3
347,3,1565,1637,389,461,4,3
348,1,325,397,333,405,4,3
348,2,933,1005,389,461,4,3
348,3,1565,1637,389,461,4,3
349,1,325,397,333,405,4,3
349,2,933,1005,389,461,4,3
349,3,1565,1637,389,461,4,3
350,1,325,397,333,405,4,3
350,2,933,1005,389,461,4,3
350,3,1565,1637,389,461,4,3
351,1,325,397,333,405,4,3
351,2,933,1005,389,461,4,3
351,3,1565,1637,389,461,4,3
352,1,325,397,333,405,4,3
352,2,933,1005,389,461,4,3
352,3,1565,1637,389,461,4,3
353,1,325,397,333,405,4,3
353,2,933,1005,389,461,4,3
353,3,1565,1637,389,461,4,3
354,1,325,397,333,405,4,3
354,2,933,1005,389,461,4,3
354,3,1565,1637,389,461,4,3
355,1,325,397,333,405,4,3
355,2,933,1005,389,461,4,3
355,3,1565,1637,389,461,4,3
356,1,325,397,333,405,4,3
356,2,933,1005,389,461,4,3
356,3,1565,1637,389,461,4,3
357,1,325,397,333,405,4,3
357,2,933,1005,389,461,4,3
357,3,1565,1637,389,461,4,3
358,1,325,397,333,405,4,3
358,2,933,1005,389,461,4,3
358,3,1565,1637,389,461,4,3
359,1,325,397,333,405,4,3
359,2,933,1005,389,461,4,3
359,3,1565,1637,389,461,4,3
360,1,325,397,333,405,4,3
360,2,933,1005,389,461,4,3
360,3,1565,1637,389,461,4,3
361,1,325,397,333,405,4,3
361,2,933,1005,389,461,4,3
361,3,1565,1637,389,461,4,3
362,1,325,397,333,405,4,3
362,2,933,1005,389,461,4,3
362,3,1565,1637,389,461,4,3
363,1,325,397,333,405,4,3
363,2,933,1005,389,461,4,3
363,3,1565,1637,389,461,4,3
364,1,325,397,333,405,4,3
364,2,933,1005,389,461,4,3
364,3,1565,1637,389,461,4,3
365,1,325,397,333,405,4,3
365,2,933,1005,389,461,4,3
365,3,1565,1637,389,461,4,3
366,1,325,397,333,405,4,3
366,2,933,1005,389,461,4,3
366,3,1565,1637,389,461,4,3
367,1,325,397,333,405,4,3
367,2,933,1005,389,461,4,3
367,3,1565,1637,389,461,4,3
368,1,325,397,333,405,4,3
368,2,933,1005,389,461,4,3
368,3,1565,1637,389,461,4,3
369,1,325,397,333,405,4,3
369,2,925,997,389,461,4,3
369,3,1565,1637,389,461,4,3
370,1,325,397,333,405,4,3
370,2,933,1005,389,461,4,3
370,3,1565,1637,389,461,4,3
371,1,325,397,333,405,4,3
371,2,918,1005,381,467,4,3
371,3,1565,1637,389,461,4,3
372,1,325,397,333,405,4,3
372,2,918,1005,381,467,4,3
372,3,1565,1637,389,461,4,3
373,1,325,397,333,405,4,3
373,2,918,1005,381,467,4,3
373,3,1565,1637,389,461,4,3
374,1,325,397,333,405,4,3
374,2,933,1005,381,453,4,3
374,3,1565,1637,389,461,4,3
375,1,325,397,333,405,4,3
375,2,933,1005,381,453,4,3
375,3,1565,1637,389,461,4,3
376,1,325,397,333,405,4,3
376,2,933,1005,389,461,4,3
376,3,1565,1637,389,461,4,3
377,1,325,397,333,405,4,3
377,2,933,1005,397,469,4,3
377,3,1565.071429,1637.071429,389,461,4,3
378,1,325,397,333,405,4,3
378,2,933,1005,405,477,4,3
378,3,1565.142857,1637.142857,389,461,4,3
379,1,325,397,333,405,4,3
379,2,933,1005,405,477,4,3
379,3,1565.214286,1637.214286,389,461,4,3
380,1,325,397,333,405,4,3
380,2,925,997,333,405,4,3
380,3,1565.285714,1637.285714,389,461,4,3
381,1,325,397,333,405,4,3
381,2,927,999,351,423,4,3
381,3,1565.357143,1637.357143,389,461,4,3
382,1,325,397,333,405,4,3
382,2,929,1001,369,441,4,3
382,3,1565.428571,1637.428571,389,461,4,3
383,1,325,397,333,405,4,3
383,2,931,1003,387,459,4,3
383,3,1565.5,1637.5,389,461,4,3
384,1,325,397,333,405,4,3
384,2,933,1005,405,477,4,3
384,3,1565.571429,1637.571429,389,461,4,3
385,1,325,397,333,405,4,3
385,2,925,997,333,405,4,3
385,3,1565.642857,1637.642857,389,461,4,3
386,1,325,397,333,405,4,3
386,2,917,989,333,405,4,3
386,3,1565.714286,1637.714286,389,461,4,3
387,1,325,397,333,405,4,3
387,2,917,989,381,453,4,3
387,3,1565.785714,1637.785714,389,461,4,3
388,1,325,397,333,405,4,3
388,2,917.5,989.5,357,429,4,3
388,3,1565.857143,1637.857143,389,461,4,3
389,1,325,397,333,405,4,3
389,2,918,990,333,405,4,3
389,3,1565.928571,1637.928571,389,461,4,3
390,1,325,397,333,405,4,3
390,2,917,989,381,453,4,3
390,3,1566,1638,389,461,4,3
391,1,325,397,333,405,4,3
391,3,1565,1637,389,461,4,3
391,2,917,989,381,453,4,3
392,1,325,397,333,405,4,3
392,3,1565,1637,389,461,4,3
392,2,917.5,989.5,381,453,4,3
393,1,325,397,333,405,4,3
393,2,918,990,381,453,4,3
393,3,1565,1637,389,461,4,3
394,1,325,397,333,405,4,3
394,3,1565.076923,1637.076923,389,461,4,3
394,2,,,,,4,3
395,1,325,397,333,405,4,3
395,2,925,997,333,405,4,3
395,3,1565.153846,1637.153846,389,461,4,3
396,1,325,397,333,405,4,3
396,2,925,997,333,405,4,3
396,3,1565.230769,1637.230769,389,461,4,3
397,1,325,397,333,405,4,3
397,2,925,997,373,445,4,3
397,3,1565.307692,1637.307692,389,461,4,3
398,1,325,397,333,405,4,3
398,2,926,998,333,405,4,3
398,3,1565.384615,1637.384615,389,461,4,3
399,1,325,397,333,405,4,3
399,2,925,997,373,445,4,3
399,3,1565.461538,1637.461538,389,461,4,3
400,1,325,397,333,405,4,3
400,2,925,997,317,389,4,3
400,3,1565.538462,1637.538462,389,461,4,3
401,1,325,397,333,405,4,3
401,2,925.3333333,997.3333333,335.6666667,407.6666667,4,3
401,3,1565.615385,1637.615385,389,461,4,3
402,1,325,397,333,405,4,3
402,2,925.6666667,997.6666667,354.3333333,426.3333333,4,3
402,3,1565.692308,1637.692308,389,461,4,3
403,1,325,397,333,405,4,3
403,2,926,998,373,445,4,3
403,3,1565.769231,1637.769231,389,461,4,3
404,1,325,397,333,405,4,3
404,2,925,997,317,389,4,3
404,3,1565.846154,1637.846154,389,461,4,3
405,1,325,397,333,405,4,3
405,2,925,997,381,453,4,3
405,3,1565.923077,1637.923077,389,461,4,3
406,1,325,397,333,405,4,3
406,2,925.3333333,997.3333333,359.6666667,431.6666667,4,3
406,3,1566,1638,389,461,4,3
407,1,325,397,333,405,4,3
407,3,1565,1637,389,461,4,3
407,2,925.6666667,997.6666667,338.3333333,410.3333333,4,3
408,1,325,397,333,405,4,3
408,3,1565,1637,389,461,4,3
408,2,926,998,317,389,4,3
409,1,325,397,333,405,4,3
409,2,925,997,381,453,4,3
409,3,1562,1648,381,467,4,3
410,1,325,397,333,405,4,3
410,2,925,997,381,453,4,3
410,3,1562,1637,381,461,4,3
411,1,325,397,333,405,4,3
411,2,925.2,997.2,381,453,4,3
411,3,1562.3,1638.1,381.8,461.6,4,3
412,1,325,397,333,405,4,3
412,2,925.4,997.4,381,453,4,3
412,3,1562.6,1639.2,382.6,462.2,4,3
413,1,325,397,333,405,4,3
413,2,925.6,997.6,381,453,4,3
413,3,1562.9,1640.3,383.4,462.8,4,3
414,1,325,397,333,405,4,3
414,2,925.8,997.8,381,453,4,3
414,3,1563.2,1641.4,384.2,463.4,4,3
415,1,325,397,333,405,4,3
415,2,926,998,381,453,4,3
415,3,1563.5,1642.5,385,464,4,3
416,1,325,397,333,405,4,3
416,3,1563.8,1643.6,385.8,464.6,4,3
416,2,,,,,4,3
417,1,325,397,333,405,4,3
417,3,1564.1,1644.7,386.6,465.2,4,3
417,2,,,,,4,3
418,1,325,397,333,405,4,3
418,2,925,997,389,461,4,3
418,3,1564.4,1645.8,387.4,465.8,4,3
419,1,325,397,333,405,4,3
419,2,926,998,389,461,4,3
419,3,1564.7,1646.9,388.2,466.4,4,3
420,1,325,397,333,405,4,3
420,2,925,997,389,461,4,3
420,3,1565,1648,389,467,4,3
421,1,325,397,333,405,4,3
421,3,1565,1637,389,461,4,3
421,2,917,989,333,405,4,3
422,1,325,397,333,405,4,3
422,3,1565,1637,389,461,4,3
422,2,921,993,361,433,4,3
423,1,325,397,333,405,4,3
423,3,1565,1637,389,461,4,3
423,2,925,997,389,461,4,3
424,1,325,397,333,405,4,3
424,3,1565,1637,389,461,4,3
424,2,917,989,333,405,4,3
425,1,325,397,333,405,4,3
425,2,917,989,325,397,4,3
425,3,1565,1637,389,461,4,3
426,1,325,397,333,405,4,3
426,2,917,989,325,397,4,3
426,3,1565,1637,389,461,4,3
427,1,325,397,333,405,4,3
427,3,1565,1637,389,461,4,3
427,2,917,989,389,461,4,3
428,1,325,397,333,405,4,3
428,3,1565,1637,389,461,4,3
428,2,917.5,989.5,357,429,4,3
429,1,325,397,333,405,4,3
429,3,1565,1637,389,461,4,3
429,2,918,990,325,397,4,3
430,1,325,397,333,405,4,3
430,2,917,989,389,461,4,3
430,3,1565,1637,389,461,4,3
431,1,325,397,333,405,4,3
431,3,1565,1637,389,461,4,3
431,2,917,989,389,461,4,3
432,1,325,397,333,405,4,3
432,3,1565,1637,389,461,4,3
432,2,919.6666667,991.6666667,367.6666667,439.6666667,4,3
433,1,325,397,333,405,4,3
433,3,1565,1637,389,461,4,3
433,2,922.3333333,994.3333333,346.3333333,418.3333333,4,3
434,1,325,397,333,405,4,3
434,3,1565,1637,389,461,4,3
434,2,925,997,325,397,4,3
435,1,325,397,333,405,4,3
435,3,1565,1637,389,461,4,3
435,2,925,997,325,397,4,3
436,1,325,397,333,405,4,3
436,3,1565,1637,389,461,4,3
436,2,925,997,389,461,4,3
437,1,325,397,333,405,4,3
437,3,1565,1637,389,461,4,3
437,2,925.3333333,997.3333333,367.6666667,439.6666667,4,3
438,1,325,397,333,405,4,3
438,3,1565,1637,389,461,4,3
438,2,925.6666667,997.6666667,346.3333333,418.3333333,4,3
439,1,325,397,333,405,4,3
439,3,1565,1637,389,461,4,3
439,2,926,998,325,397,4,3
440,1,325,397,333,405,4,3
440,2,925,997,389,461,4,3
440,3,1565,1637,389,461,4,3
441,1,325,397,333,405,4,3
441,3,1565,1637,389,461,4,3
441,2,917,989,333,405,4,3
442,1,325,397,333,405,4,3
442,3,1565,1637,389,461,4,3
442,2,921,993,361,433,4,3
443,1,325,397,333,405,4,3
443,3,1565,1637,389,461,4,3
443,2,925,997,389,461,4,3
444,1,325,397,333,405,4,3
444,2,917,989,333,405,4,3
444,3,1565,1637,389,461,4,3
445,1,325,397,333,405,4,3
445,2,917,989,333,405,4,3
445,3,1565,1637,389,461,4,3
446,1,325,397,333,405,4,3
446,3,1565,1637,389,461,4,3
446,2,917,989,333,405,4,3
447,1,325,397,333,405,4,3
447,3,1565,1637,389,461,4,3
447,2,921,993,357,429,4,3
448,1,325,397,333,405,4,3
448,3,1565,1637,389,461,4,3
448,2,925,997,381,453,4,3
449,1,325,397,333,405,4,3
449,2,925,997,381,453,4,3
449,3,1565,1637,389,461,4,3
450,1,325,397,333,405,4,3
450,3,1565,1637,389,461,4,3
450,2,925,997,349,421,4,3
451,1,325,397,333,405,4,3
451,3,1565,1637,389,461,4,3
451,2,926,998,381,453,4,3
452,1,325,397,333,405,4,3
452,2,925,997,349,421,4,3
452,3,1565,1637,389,461,4,3
453,1,325,397,333,405,4,3
453,2,918,1005,333,419,4,3
453,3,1565,1637,389,461,4,3
454,1,325,397,333,405,4,3
454,2,925,997,349,421,4,3
454,3,1565.037037,1637.037037,389,461,4,3
455,1,325,397,333,405,4,3
455,2,925,997,349,421,4,3
455,3,1565.074074,1637.074074,389,461,4,3
456,1,325,397,333,405,4,3
456,2,929,1001,373,445,4,3
456,3,1565.111111,1637.111111,389,461,4,3
457,1,325,397,333,405,4,3
457,2,933,1005,397,469,4,3
457,3,1565.148148,1637.148148,389,461,4,3
458,1,325,397,333,405,4,3
458,2,933,1005,397,469,4,3
458,3,1565.185185,1637.185185,389,461,4,3
459,1,325,397,333,405,4,3
459,2,925,997,349,421,4,3
459,3,1565.222222,1637.222222,389,461,4,3
460,1,325,397,333,405,4,3
460,2,929,1001,373,445,4,3
460,3,1565.259259,1637.259259,389,461,4,3
461,1,325,397,333,405,4,3
461,2,933,1005,397,469,4,3
461,3,1565.296296,1637.296296,389,461,4,3
462,1,325,397,333,405,4,3
462,2,925,997,349,421,4,3
462,3,1565.333333,1637.333333,389,461,4,3
463,1,325,397,333,405,4,3
463,2,925,997,341,413,4,3
463,3,1565.37037,1637.37037,389,461,4,3
464,1,325,397,333,405,4,3
464,2,925,997,341,413,4,3
464,3,1565.407407,1637.407407,389,461,4,3
465,1,325,397,333,405,4,3
465,2,917,989,381,453,4,3
465,3,1565.444444,1637.444444,389,461,4,3
466,1,325,397,333,405,4,3
466,2,925,997,341,413,4,3
466,3,1565.481481,1637.481481,389,461,4,3
467,1,325,397,333,405,4,3
467,2,917,989,381,453,4,3
467,3,1565.518519,1637.518519,389,461,4,3
468,1,325,397,333,405,4,3
468,2,917,989,381,453,4,3
468,3,1565.555556,1637.555556,389,461,4,3
469,1,325,397,333,405,4,3
469,2,917,989,381,453,4,3
469,3,1565.592593,1637.592593,389,461,4,3
470,1,325,397,333,405,4,3
470,2,917,989,333,405,4,3
470,3,1565.62963,1637.62963,389,461,4,3
471,1,325,397,333,405,4,3
471,2,918,990,381,453,4,3
471,3,1565.666667,1637.666667,389,461,4,3
472,1,325,397,333,405,4,3
472,2,917,989,333,405,4,3
472,3,1565.703704,1637.703704,389,461,4,3
473,1,325,397,333,405,4,3
473,2,925,997,325,397,4,3
473,3,1565.740741,1637.740741,389,461,4,3
474,1,325,397,333,405,4,3
474,2,925,997,325,397,4,3
474,3,1565.777778,1637.777778,389,461,4,3
475,1,325,397,333,405,4,3
475,3,1565.814815,1637.814815,389,461,4,3
475,2,,,,,4,3
476,1,325,397,333,405,4,3
476,3,1565.851852,1637.851852,389,461,4,3
476,2,,,,,4,3
477,1,325,397,333,405,4,3
477,2,925,997,389,461,4,3
477,3,1565.888889,1637.888889,389,461,4,3
478,1,325,397,333,405,4,3
478,2,925,997,389,461,4,3
478,3,1565.925926,1637.925926,389,461,4,3
479,1,325,397,333,405,4,3
479,2,925,997,381,453,4,3
479,3,1565.962963,1637.962963,389,461,4,3
480,1,325,397,333,405,4,3
480,2,925,997,381,453,4,3
480,3,1566,1638,389,461,4,3
481,1,325,397,333,405,4,3
481,2,925,997,373,445,4,3
481,3,1565,1637,389,461,4,3
482,1,325,397,333,405,4,3
482,2,925,997,373,445,4,3
482,3,1565,1637,389,461,4,3
483,1,325,397,333,405,4,3
483,2,925,997,373,445,4,3
483,3,1565,1637,389,461,4,3
484,1,325,397,333,405,4,3
484,2,925,997,373,445,4,3
484,3,1565.037037,1637.037037,389,461,4,3
485,1,325,397,333,405,4,3
485,2,918,1005,371,458,4,3
485,3,1565.074074,1637.074074,389,461,4,3
486,1,325,397,333,405,4,3
486,2,918,1005,371,458,4,3
486,3,1565.111111,1637.111111,389,461,4,3
487,1,325,397,333,405,4,3
487,2,918,1005,371,458,4,3
487,3,1565.148148,1637.148148,389,461,4,3
488,1,325,397,333,405,4,3
488,2,925,997,373,445,4,3
488,3,1565.185185,1637.185185,389,461,4,3
489,1,325,397,333,405,4,3
489,2,918,1005,371,458,4,3
489,3,1565.222222,1637.222222,389,461,4,3
490,1,325,397,333,405,4,3
490,2,933,1005,381,453,4,3
490,3,1565.259259,1637.259259,389,461,4,3
491,1,325,397,333,405,4,3
491,2,933,1005,381,453,4,3
491,3,1565.296296,1637.296296,389,461,4,3
492,1,325,397,333,405,4,3
492,2,933,1005,381,453,4,3
492,3,1565.333333,1637.333333,389,461,4,3
493,1,325,397,333,405,4,3
493,2,933,1005,381,453,4,3
493,3,1565.37037,1637.37037,389,461,4,3
494,1,325,397,333,405,4,3
494,2,933,1005,381,453,4,3
494,3,1565.407407,1637.407407,389,461,4,3
495,1,325,397,333,405,4,3
495,2,933,1005,381,453,4,3
495,3,1565.444444,1637.444444,389,461,4,3
496,1,325,397,333,405,4,3
496,2,933,1005,381,453,4,3
496,3,1565.481481,1637.481481,389,461,4,3
497,1,325,397,333,405,4,3
497,2,933,1005,381,453,4,3
497,3,1565.518519,1637.518519,389,461,4,3
498,1,325,397,333,405,4,3
498,2,933,1005,381,453,4,3
498,3,1565.555556,1637.555556,389,461,4,3
499,1,325,397,333,405,4,3
499,2,933,1005,381,453,4,3
499,3,1565.592593,1637.592593,389,461,4,3
500,1,325,397,333,405,4,3
500,2,933,1005,381,453,4,3
500,3,1565.62963,1637.62963,389,461,4,3
501,1,325,397,333,405,4,3
501,2,933,1005,381,453,4,3
501,3,1565.666667,1637.666667,389,461,4,3
502,1,325,397,333,405,4,3
502,2,933,1005,381,453,4,3
502,3,1565.703704,1637.703704,389,461,4,3
503,1,325,397,333,405,4,3
503,2,933,1005,381,453,4,3
503,3,1565.740741,1637.740741,389,461,4,3
504,1,325,397,333,405,4,3
504,2,933,1005,381,453,4,3
504,3,1565.777778,1637.777778,389,461,4,3
505,1,325,397,333,405,4,3
505,2,933,1005,381,453,4,3
505,3,1565.814815,1637.814815,389,461,4,3
506,1,325,397,333,405,4,3
506,2,933,1005,381,453,4,3
506,3,1565.851852,1637.851852,389,461,4,3
507,1,325,397,333,405,4,3
507,2,933,1005,381,453,4,3
507,3,1565.888889,1637.888889,389,461,4,3
508,1,325,397,333,405,4,3
508,2,933,1005,381,453,4,3
508,3,1565.925926,1637.925926,389,461,4,3
509,1,325,397,333,405,4,3
509,2,933,1005,381,453,4,3
509,3,1565.962963,1637.962963,389,461,4,3
510,1,325,397,333,405,4,3
510,2,933,1005,381,453,4,3
510,3,1566,1638,389,461,4,3
511,1,325,397,333,405,4,3
511,2,933,1005,381,453,4,3
511,3,1565,1637,389,461,4,3
512,1,325,397,333,405,4,3
512,2,933,1005,381,453,4,3
512,3,1565,1637,389,461,4,3
513,1,325,397,333,405,4,3
513,2,928,1014,381,467,4,3
513,3,1565,1637,389,461,4,3
514,1,325,397,333,405,4,3
514,2,928,1014,381,467,4,3
514,3,1565.166667,1637.166667,389,461,4,3
515,1,325,397,333,405,4,3
515,2,928,1014,381,467,4,3
515,3,1565.333333,1637.333333,389,461,4,3
516,1,325,397,333,405,4,3
516,2,941,1013,389,461,4,3
516,3,1565.5,1637.5,389,461,4,3
517,1,325,397,333,405,4,3
517,2,941,1013,397,469,4,3
517,3,1565.666667,1637.666667,389,461,4,3
518,1,325,397,333,405,4,3
518,2,941,1013,397,469,4,3
518,3,1565.833333,1637.833333,389,461,4,3
519,1,314,400,323,410,4,3
519,2,941,1013,397,469,4,3
519,3,1566,1638,389,461,4,3
520,1,317,389,333,405,4,3
520,3,1565,1637,389,461,4,3
520,2,928,1013,362,469,4,3
521,1,314,400,323,410,4,3
521,3,1565,1637,389,461,4,3
521,2,941,1014,397,448,4,3
522,1,317,389,333,405,4,3
522,2,928,1014,362,448,4,3
522,3,1565,1637,389,461,4,3
523,1,317,389,333,405,4,3
523,2,928,1014,362,448,4,3
523,3,1565,1637,389,461,4,3
524,1,317,389,333,405,4,3
524,2,928,1014,362,448,4,3
524,3,1557,1629,413,485,4,3
525,1,317,389,333,405,4,3
525,2,928,1014,371,458,4,3
525,3,1561,1633,401,473,4,3
526,1,317,389,333,405,4,3
526,2,941,1013,381,453,4,3
526,3,1565,1637,389,461,4,3
527,1,309,381,333,405,4,3
527,2,928,1014,381,467,4,3
527,3,1557,1629,413,485,4,3
528,1,309,381,333,405,4,3
528,2,933,1005,381,453,4,3
528,3,1557,1629,413,485,4,3
529,1,309,381,333,405,4,3
529,2,933,1005,349,421,4,3
529,3,1557,1629,413,485,4,3
530,1,309,381,333,405,4,3
530,2,934,1006,381,453,4,3
530,3,1561,1633,393,465,4,3
531,1,309,381,333,405,4,3
531,2,933,1005,349,421,4,3
531,3,1565,1637,373,445,4,3
532,1,309,381,333,405,4,3
532,2,933,1005,341,413,4,3
532,3,1565,1637,373,445,4,3
533,1,309,381,333,405,4,3
533,2,933,1005,341,413,4,3
533,3,1565,1637,413,485,4,3
534,1,294,381,323,410,4,3
534,2,937,1009,361,433,4,3
534,3,1565.333333,1637.333333,399.6666667,471.6666667,4,3
535,1,294,381,323,410,4,3
535,2,941,1013,381,453,4,3
535,3,1565.666667,1637.666667,386.3333333,458.3333333,4,3
536,1,294,381,323,410,4,3
536,2,941,1013,381,453,4,3
536,3,1566,1638,373,445,4,3
537,1,294,381,323,410,4,3
537,3,1565,1637,413,485,4,3
537,2,933,1005,349,421,4,3
538,1,309,381,333,405,4,3
538,3,1565,1637,413,485,4,3
538,2,937,1009,365,437,4,3
539,1,309,381,341,413,4,3
539,3,1565,1637,413,485,4,3
539,2,941,1013,381,453,4,3
540,1,309,381,341,413,4,3
540,2,933,1005,349,421,4,3
540,3,1557,1629,381,453,4,3
541,1,309,381,341,413,4,3
541,2,925,997,389,461,4,3
541,3,1561,1633,397,469,4,3
542,1,304,390,342,429,4,3
542,2,927.6666667,999.6666667,375.6666667,447.6666667,4,3
542,3,1565,1637,413,485,4,3
543,1,304,390,342,429,4,3
543,3,1557,1629,381,453,4,3
543,2,930.3333333,1002.333333,362.3333333,434.3333333,4,3
544,1,309,381,349,421,4,3
544,2,933,1005,349,421,4,3
544,3,1549,1621,421,493,4,3
545,1,309,381,341,413,4,3
545,2,925,997,389,461,4,3
545,3,1553,1625,401,473,4,3
546,1,309,381,333,405,4,3
546,2,925,997,389,461,4,3
546,3,1557,1629,381,453,4,3
547,1,301,373,325,397,4,3
547,3,1549,1621,421,493,4,3
547,2,928.4285714,1000.428571,389,461,4,3
548,1,301,373,325,397,4,3
548,2,931.8571429,1003.857143,389,461,4,3
548,3,1549,1621,421,493,4,3
549,1,293,365,317,389,4,3
549,2,935.2857143,1007.285714,389,461,4,3
549,3,1553,1625,401,473,4,3
550,1,293,365,317,389,4,3
550,2,938.7142857,1010.714286,389,461,4,3
550,3,1557,1629,381,453,4,3
551,1,293,365,325,397,4,3
551,3,1557,1629,381,453,4,3
551,2,942.1428571,1014.142857,389,461,4,3
552,1,285,357,325,397,4,3
552,2,945.5714286,1017.571429,389,461,4,3
552,3,1557,1629,381,453,4,3
553,1,285,357,333,405,4,3
553,2,949,1021,389,461,4,3
553,3,1557.142857,1629.142857,381,453,4,3
554,2,949,1021,389,461,4,3
554,1,285,357,341,413,4,3
554,3,1557.285714,1629.285714,381,453,4,3
555,1,277,349,341,413,4,3
555,2,949,1021,381,453,4,3
555,3,1557.428571,1629.428571,381,453,4,3
556,1,277,349,349,421,4,3
556,2,941,1013,357,429,4,3
556,3,1557.571429,1629.571429,381,453,4,3
557,1,277,349,341,413,4,3
557,2,941,1013,357,429,4,3
557,3,1557.714286,1629.714286,381,453,4,3
558,2,941,1013,357,429,4,3
558,1,277,349,333,405,4,3
558,3,1557.857143,1629.857143,381,453,4,3
559,2,928,1014,352,438,4,3
559,1,277,349,333,405,4,3
559,3,1558,1630,381,453,4,3
560,1,285,357,325,397,4,3
560,2,933,1005,373,445,4,3
560,3,1557,1629,381,453,4,3
561,3,1557,1629,381,453,4,3
561,1,285,357,317,389,4,3
561,2,933,1005,389,461,4,3
562,2,933,1005,389,461,4,3
562,1,293,365,317,389,4,3
562,3,1549,1621,413,485,4,3
563,2,933,1005,389,461,4,3
563,1,293,365,317,389,4,3
563,3,1553,1625,397,469,4,3
564,1,293,365,317,389,4,3
564,2,933,1005,389,461,4,3
564,3,1557,1629,381,453,4,3
565,1,293,365,317,389,4,3
565,3,1549,1621,413,485,4,3
565,2,934.3333333,1006.333333,389,461,4,3
566,1,293,365,317,389,4,3
566,2,935.6666667,1007.666667,389,461,4,3
566,3,1549,1621,413,485,4,3
567,1,293,365,317,389,4,3
567,2,937,1009,389,461,4,3
567,3,1554.333333,1626.333333,399.6666667,471.6666667,4,3
568,1,301,373,325,397,4,3
568,2,938.3333333,1010.333333,389,461,4,3
568,3,1559.666667,1631.666667,386.3333333,458.3333333,4,3
569,1,301,373,341,413,4,3
569,2,939.6666667,1011.666667,389,461,4,3
569,3,1565,1637,373,445,4,3
570,1,301,373,341,413,4,3
570,3,1565,1637,373,445,4,3
570,2,941,1013,389,461,4,3
571,1,309,381,349,421,4,3
571,2,941,1013,389,461,4,3
571,3,1549,1621,373,445,4,3
572,1,309,381,349,421,4,3
572,2,941,1013,389,461,4,3
572,3,1551.285714,1623.285714,373,445,4,3
573,1,309,381,341,413,4,3
573,2,941,1013,357,429,4,3
573,3,1553.571429,1625.571429,373,445,4,3
574,1,309,381,333,405,4,3
574,2,942,1014,389,461,4,3
574,3,1555.857143,1627.857143,373,445,4,3
575,1,309,381,333,405,4,3
575,2,941,1013,357,429,4,3
575,3,1558.142857,1630.142857,373,445,4,3
576,1,309,381,325,397,4,3
576,2,928,1014,352,438,4,3
576,3,1560.428571,1632.428571,373,445,4,3
577,1,309,381,325,397,4,3
577,2,933,1005,365,437,4,3
577,3,1562.714286,1634.714286,373,445,4,3
578,1,309,381,317,389,4,3
578,2,928,1014,371,458,4,3
578,3,1565,1637,373,445,4,3
579,1,309,381,317,389,4,3
579,2,933,1005,389,461,4,3
579,3,1549,1621,373,445,4,3
580,1,309,381,317,389,4,3
580,2,925,997,389,461,4,3
580,3,1549,1621,373,445,4,3
581,1,304,390,314,400,4,3
581,2,918,1005,381,467,4,3
581,3,1549.142857,1621.142857,373,445,4,3
582,1,317,389,325,397,4,3
582,2,925,997,373,445,4,3
582,3,1549.285714,1621.285714,373,445,4,3
583,1,317,389,333,405,4,3
583,2,925,997,357,429,4,3
583,3,1549.428571,1621.428571,373,445,4,3
584,2,918,1005,352,438,4,3
584,1,317,389,341,413,4,3
584,3,1549.571429,1621.571429,373,445,4,3
585,1,317,389,349,421,4,3
585,2,925,997,357,429,4,3
585,3,1549.714286,1621.714286,373,445,4,3
586,1,317,389,349,421,4,3
586,2,925,997,389,461,4,3
586,3,1549.857143,1621.857143,373,445,4,3
587,1,317,389,349,421,4,3
587,2,926,998,357,429,4,3
587,3,1550,1622,373,445,4,3
588,1,325,397,341,413,4,3
588,2,925,997,389,461,4,3
588,3,1549,1621,373,445,4,3
589,1,325,397,333,405,4,3
589,2,925,997,389,461,4,3
589,3,1549,1621,373,445,4,3
590,1,325,397,333,405,4,3
590,2,925,997,389,461,4,3
590,3,1550,1622,373,445,4,3
591,1,333,405,325,397,4,3
591,2,925.5,997.5,389,461,4,3
591,3,1551,1623,373,445,4,3
592,1,333,405,325,397,4,3
592,2,926,998,389,461,4,3
592,3,1552,1624,373,445,4,3
593,1,333,405,325,397,4,3
593,3,1553,1625,373,445,4,3
593,2,,,,,4,3
594,1,333,405,325,397,4,3
594,3,1554,1626,373,445,4,3
594,2,,,,,4,3
595,1,333,405,325,397,4,3
595,2,909,995,381,467,4,3
595,3,1555,1627,373,445,4,3
596,1,333,419,323,410,4,3
596,2,910,996,381,467,4,3
596,3,1556,1628,373,445,4,3
597,1,333,405,333,405,4,3
597,2,909,995,381,467,4,3
597,3,1557,1629,373,445,4,3
598,2,917,989,389,461,4,3
598,1,333,405,341,413,4,3
598,3,1557,1629,373,445,4,3
599,1,333,405,349,421,4,3
599,2,917,989,381,453,4,3
599,3,1557,1629,389,461,4,3
600,1,333,405,349,421,4,3
600,2,917,989,381,453,4,3
600,3,1558,1630,373,445,4,3
601,3,1557,1629,389,461,4,3
601,1,333,405,349,421,4,3
601,2,918,1005,342,429,4,3
602,2,918,1005,342,429,4,3
602,3,1557,1629,389,461,4,3
602,1,333,405,341,413,4,3
603,1,333,405,341,413,4,3
603,2,933,1005,349,421,4,3
603,3,1557,1629,389,461,4,3
604,1,333,405,333,405,4,3
604,3,1557,1629,389,461,4,3
604,2,928,1005,342,421,4,3
605,1,333,405,333,405,4,3
605,3,1557,1629,389,461,4,3
605,2,929,1006.8,343.4,422.6,4,3
606,1,333,405,333,405,4,3
606,3,1557,1629,389,461,4,3
606,2,930,1008.6,344.8,424.2,4,3
607,1,333,405,333,405,4,3
607,3,1557,1629,389,461,4,3
607,2,931,1010.4,346.2,425.8,4,3
608,1,333,405,333,405,4,3
608,3,1557,1629,389,461,4,3
608,2,932,1012.2,347.6,427.4,4,3
609,1,323,410,333,419,4,3
609,3,1557,1629,389,461,4,3
609,2,933,1014,349,429,4,3
610,1,325,397,341,413,4,3
610,3,1557,1629,389,461,4,3
610,2,928,1014,342,429,4,3
611,1,325,397,349,421,4,3
611,2,933,1005,341,413,4,3
611,3,1557,1629,389,461,4,3
612,1,317,389,349,421,4,3
612,2,933,1005,349,421,4,3
612,3,1557,1629,389,461,4,3
613,1,317,389,349,421,4,3
613,3,1557,1629,389,461,4,3
613,2,933,1005,365,437,4,3
614,1,309,381,349,421,4,3
614,2,933,1005,373,445,4,3
614,3,1557,1629,389,461,4,3
615,1,309,381,341,413,4,3
615,2,933,1005,381,453,4,3
615,3,1557,1629,389,461,4,3
616,1,301,373,333,405,4,3
616,3,1557,1629,389,461,4,3
616,2,918,1005,371,458,4,3
617,1,301,373,333,405,4,3
617,3,1557,1629,389,461,4,3
617,2,918,1005,371,405,4,3
618,1,301,373,333,405,4,3
618,3,1557,1629,389,461,4,3
618,2,933,1006,333,458,4,3
619,1,301,373,341,413,4,3
619,2,933,1005,333,405,4,3
619,3,1557,1629,389,461,4,3
620,1,301,373,341,413,4,3
620,2,933,1005,341,413,4,3
620,3,1557,1629,389,461,4,3
621,1,301,373,349,421,4,3
621,3,1557,1629,389,461,4,3
621,2,933,1005,341,413,4,3
622,1,309,381,349,421,4,3
622,3,1557,1629,389,461,4,3
622,2,937,1009,361,433,4,3
623,1,309,381,357,429,4,3
623,3,1557,1629,389,461,4,3
623,2,941,1013,381,453,4,3
624,2,941,1013,381,453,4,3
624,1,317,389,357,429,4,3
624,3,1557,1629,389,461,4,3
625,1,317,389,349,421,4,3
625,3,1557,1629,389,461,4,3
625,2,941,1013,349,421,4,3
626,3,1557,1629,389,461,4,3
626,1,314,400,333,419,4,3
626,2,941.5,1013.5,365,437,4,3
627,3,1557,1629,389,461,4,3
627,1,325,397,333,405,4,3
627,2,942,1014,381,453,4,3
628,2,941,1013,349,421,4,3
628,1,325,397,325,397,4,3
628,3,1557,1629,389,461,4,3
629,2,941,1013,349,421,4,3
629,1,323,410,314,400,4,3
629,3,1557,1629,389,461,4,3
630,1,333,405,317,389,4,3
630,2,933,1005,381,453,4,3
630,3,1549,1621,389,461,4,3
631,3,1549,1621,389,461,4,3
631,1,333,405,317,389,4,3
631,2,941,1013,349,421,4,3
632,2,933,1005,381,453,4,3
632,3,1549,1621,389,461,4,3
632,1,333,405,317,389,4,3
633,2,933,1005,381,453,4,3
633,1,333.0833333,405.0833333,317,389,4,3
633,3,1549,1621,389,461,4,3
634,2,933,1005,373,445,4,3
634,1,333.1666667,405.1666667,317,389,4,3
634,3,1549.090909,1621.090909,389,461,4,3
635,2,933,1005,373,445,4,3
635,1,333.25,405.25,317,389,4,3
635,3,1549.181818,1621.181818,389,461,4,3
636,2,925,997,373,445,4,3
636,1,333.3333333,405.3333333,317,389,4,3
636,3,1549.272727,1621.272727,389,461,4,3
637,2,925,997,373,445,4,3
637,1,333.4166667,405.4166667,317,389,4,3
637,3,1549.363636,1621.363636,389,461,4,3
638,2,925,997,373,445,4,3
638,1,333.5,405.5,317,389,4,3
638,3,1549.454545,1621.454545,389,461,4,3
639,2,918,1005,371,458,4,3
639,1,333.5833333,405.5833333,317,389,4,3
639,3,1549.545455,1621.545455,389,461,4,3
640,2,925,997,373,445,4,3
640,1,333.6666667,405.6666667,317,389,4,3
640,3,1549.636364,1621.636364,389,461,4,3
641,2,918,1005,371,458,4,3
641,1,333.75,405.75,317,389,4,3
641,3,1549.727273,1621.727273,389,461,4,3
642,2,925,997,381,453,4,3
642,1,333.8333333,405.8333333,317,389,4,3
642,3,1549.818182,1621.818182,389,461,4,3
643,2,925,997,381,453,4,3
643,1,333.9166667,405.9166667,317,389,4,3
643,3,1549.909091,1621.909091,389,461,4,3
644,2,925,997,381,453,4,3
644,1,334,406,317,389,4,3
644,3,1550,1622,389,461,4,3